time;time;;;;;;;;;;;;
581;522;;;;;;;;;;;;
592;535;;IGNA;;;;;;FER;;;;
586,5;528,5;;time;;;;;;time;;;;
593;536;;;;;max;MIN;;;;;max;MIN
594;535;;Media;386,82;Interval;400,95;372,70;;Media;361,059039;Interval;374,60;347,52
617;533;;Error típico;7,20;Requirement;1000;;;Error típico;6,899349863;Requirement;1000;
592;550;;Mediana;247,00;Result;:);:);;Mediana;268;Result;:);:)
591;534;;Moda;594,00;;;;;Moda;535;;;
588;536;;Desviación estándar;228,93;;;;;Desviación estándar;219,3732888;;;
592;533;;Varianza de la muestra;52406,85;;;;;Varianza de la muestra;48124,63984;;;
596;533;;Curtosis;29,72;;;;;Curtosis;86,62031336;;;
594;535;;Coeficiente de asimetría;2,40;;;;;Coeficiente de asimetría;5,158543237;;;
591;533;;Rango;3296,00;;;;;Rango;4006;;;
592;536;;Mínimo;154,00;;;;;Mínimo;147;;;
592;533;;Máximo;3450,00;;;;;Máximo;4153;;;
596;534;;Suma;391079,58;;;;;Suma;365030,6884;;;
596;523;;Cuenta;1011,00;;;;;Cuenta;1011;;;
591;539;;Nivel de confianza(95,0%);14,13;;;;;Nivel de confianza(95,0%);13,53870143;;;
585;535;;;;;;;;;;;;
594;525;;;;;;;;;;;;
593;537;;;;;;;;;;;;
598;546;;Prueba z para medias de dos muestras;;;;;;;;;;
593;541;;;;;;;;;;;;
596;530;;;time;time;;;;;;;;
594;535;;Media;386,8245137;361,059039;;;;;;;;
595;535;;Varianza (conocida);52406,85;48124,64;;;;;;;;
594;538;;Observaciones;1011;1011;;;;;;;;
591;533;;Diferencia hipotética de las medias;0;;;;;;;;;
594;533;;z;2,583822443;;;;;;;;;
595;530;;P(Z<=z) una cola;0,004885604;;;;;;;;;
593,962963;534,8518519;;Valor crítico de z (una cola);1,644853627;;;;;;;;;
592;569;;Valor crítico de z (dos colas);0,009771208;;;;;;;;;
594;581;;Valor crítico de z (dos colas);1,959963985;;;;;;;;;
636;545;;;;;;;;;;;;
595;529;;;;;;;;;;;;
593;541;;;;;;;;;;;;
581;541;;;;;;;;;;;;
579;540;;;;;;;;;;;;
595,7142857;549,4285714;;;;;;;;;;;;
595;527;;;;;;;;;;;;
595;559;;;;;;;;;;;;
595;538;;;;;;;;;;;;
591;527;;;;;;;;;;;;
596;534;;;;;;;;;;;;
595;560;;;;;;;;;;;;
592;534;;;;;;;;;;;;
597;540;;;;;;;;;;;;
624;545;;;;;;;;;;;;
595;533;;;;;;;;;;;;
592;533;;;;;;;;;;;;
597;535;;;;;;;;;;;;
597;538,75;;;;;;;;;;;;
580;1070;;;;;;;;;;;;
596;547;;;;;;;;;;;;
591;550;;;;;;;;;;;;
593;578;;;;;;;;;;;;
590;563;;;;;;;;;;;;
585;563;;;;;;;;;;;;
595;560;;;;;;;;;;;;
581;559;;;;;;;;;;;;
588,875;623,75;;;;;;;;;;;;
593;534;;;;;;;;;;;;
591;533;;;;;;;;;;;;
593;533;;;;;;;;;;;;
610;532;;;;;;;;;;;;
581;556;;;;;;;;;;;;
592;532;;;;;;;;;;;;
590;549;;;;;;;;;;;;
593;535;;;;;;;;;;;;
597;543;;;;;;;;;;;;
594;535;;;;;;;;;;;;
595;542;;;;;;;;;;;;
583;557;;;;;;;;;;;;
591;562;;;;;;;;;;;;
594;558;;;;;;;;;;;;
595;535;;;;;;;;;;;;
596;537;;;;;;;;;;;;
596;537;;;;;;;;;;;;
591;539;;;;;;;;;;;;
593,0555556;541,6111111;;;;;;;;;;;;
589;534;;;;;;;;;;;;
589;537;;;;;;;;;;;;
594;527;;;;;;;;;;;;
593;540;;;;;;;;;;;;
591,25;534,5;;;;;;;;;;;;
594;534;;;;;;;;;;;;
592;546;;;;;;;;;;;;
593;537;;;;;;;;;;;;
595;560;;;;;;;;;;;;
593;533;;;;;;;;;;;;
594;558;;;;;;;;;;;;
593;537;;;;;;;;;;;;
598;557;;;;;;;;;;;;
598;533;;;;;;;;;;;;
593;558;;;;;;;;;;;;
593;534;;;;;;;;;;;;
594;534;;;;;;;;;;;;
595;538;;;;;;;;;;;;
582;535;;;;;;;;;;;;
593,3571429;542,4285714;;;;;;;;;;;;
594;539;;;;;;;;;;;;
581;535;;;;;;;;;;;;
597;551;;;;;;;;;;;;
596;539;;;;;;;;;;;;
590;543;;;;;;;;;;;;
591;556;;;;;;;;;;;;
188;215;;;;;;;;;;;;
594;533;;;;;;;;;;;;
186;211;;;;;;;;;;;;
583;561;;;;;;;;;;;;
174;225;;;;;;;;;;;;
594;537;;;;;;;;;;;;
187;184;;;;;;;;;;;;
465,7692308;440,6923077;;;;;;;;;;;;
615;1075;;;;;;;;;;;;
593;558;;;;;;;;;;;;
596;533;;;;;;;;;;;;
591;538;;;;;;;;;;;;
580;525;;;;;;;;;;;;
593;534;;;;;;;;;;;;
594;537;;;;;;;;;;;;
594;535;;;;;;;;;;;;
582;546;;;;;;;;;;;;
593;536;;;;;;;;;;;;
590;547;;;;;;;;;;;;
596;535;;;;;;;;;;;;
594;545;;;;;;;;;;;;
609;526;;;;;;;;;;;;
598;544;;;;;;;;;;;;
594;535;;;;;;;;;;;;
596;535;;;;;;;;;;;;
595;532;;;;;;;;;;;;
582;546;;;;;;;;;;;;
597;539;;;;;;;;;;;;
591;537;;;;;;;;;;;;
596;541;;;;;;;;;;;;
601;528;;;;;;;;;;;;
593;523;;;;;;;;;;;;
667;553;;;;;;;;;;;;
595;573;;;;;;;;;;;;
593;535;;;;;;;;;;;;
594;532;;;;;;;;;;;;
594;549;;;;;;;;;;;;
628;536;;;;;;;;;;;;
593;556;;;;;;;;;;;;
597;530;;;;;;;;;;;;
591;554;;;;;;;;;;;;
590;531;;;;;;;;;;;;
593;552;;;;;;;;;;;;
597,0857143;555,1714286;;;;;;;;;;;;
591;533;;;;;;;;;;;;
594;537;;;;;;;;;;;;
590;564;;;;;;;;;;;;
596;559;;;;;;;;;;;;
591;548;;;;;;;;;;;;
582;528;;;;;;;;;;;;
592;535;;;;;;;;;;;;
593;541;;;;;;;;;;;;
596;536;;;;;;;;;;;;
593;558;;;;;;;;;;;;
625;538;;;;;;;;;;;;
590;537;;;;;;;;;;;;
580;537;;;;;;;;;;;;
582;537;;;;;;;;;;;;
595;532;;;;;;;;;;;;
664;545;;;;;;;;;;;;
580;535;;;;;;;;;;;;
585;532;;;;;;;;;;;;
589;536;;;;;;;;;;;;
612;538;;;;;;;;;;;;
592;541;;;;;;;;;;;;
595,8095238;540,3333333;;;;;;;;;;;;
591;533;;;;;;;;;;;;
586;569;;;;;;;;;;;;
595;556;;;;;;;;;;;;
595;522;;;;;;;;;;;;
624;532;;;;;;;;;;;;
581;552;;;;;;;;;;;;
596;532;;;;;;;;;;;;
593;537;;;;;;;;;;;;
599;539;;;;;;;;;;;;
592;575;;;;;;;;;;;;
595,2;544,7;;;;;;;;;;;;
592;537;;;;;;;;;;;;
595;542;;;;;;;;;;;;
592;535;;;;;;;;;;;;
593;534;;;;;;;;;;;;
594;532;;;;;;;;;;;;
589;531;;;;;;;;;;;;
608;543;;;;;;;;;;;;
594;531;;;;;;;;;;;;
594,625;535,625;;;;;;;;;;;;
592;534;;;;;;;;;;;;
595;556;;;;;;;;;;;;
593,5;545;;;;;;;;;;;;
624;546;;;;;;;;;;;;
593;539;;;;;;;;;;;;
608,5;542,5;;;;;;;;;;;;
581;545;;;;;;;;;;;;
596;533;;;;;;;;;;;;
592;532;;;;;;;;;;;;
593;543;;;;;;;;;;;;
593;540;;;;;;;;;;;;
594;545;;;;;;;;;;;;
595;540;;;;;;;;;;;;
587;543;;;;;;;;;;;;
592;537;;;;;;;;;;;;
592;542;;;;;;;;;;;;
596;537;;;;;;;;;;;;
597;539;;;;;;;;;;;;
596;536;;;;;;;;;;;;
617;534;;;;;;;;;;;;
581;535;;;;;;;;;;;;
593;539;;;;;;;;;;;;
596;548;;;;;;;;;;;;
593;535;;;;;;;;;;;;
629;525;;;;;;;;;;;;
596;545;;;;;;;;;;;;
595;550;;;;;;;;;;;;
592;535;;;;;;;;;;;;
594;529;;;;;;;;;;;;
595;544;;;;;;;;;;;;
670;533;;;;;;;;;;;;
594;533;;;;;;;;;;;;
596;571;;;;;;;;;;;;
584;535;;;;;;;;;;;;
592;536;;;;;;;;;;;;
594;539;;;;;;;;;;;;
581;538;;;;;;;;;;;;
594;542;;;;;;;;;;;;
595;547;;;;;;;;;;;;
591;535;;;;;;;;;;;;
590;548;;;;;;;;;;;;
595;535;;;;;;;;;;;;
596,1388889;539,5277778;;;;;;;;;;;;
592;537;;;;;;;;;;;;
591;533;;;;;;;;;;;;
592;534;;;;;;;;;;;;
593;534;;;;;;;;;;;;
633;552;;;;;;;;;;;;
592;534;;;;;;;;;;;;
581;539;;;;;;;;;;;;
583;535;;;;;;;;;;;;
582;546;;;;;;;;;;;;
594;536;;;;;;;;;;;;
581;540;;;;;;;;;;;;
596;546;;;;;;;;;;;;
618;538;;;;;;;;;;;;
593;531;;;;;;;;;;;;
595;544;;;;;;;;;;;;
595;522;;;;;;;;;;;;
598;539;;;;;;;;;;;;
625;543;;;;;;;;;;;;
608;541;;;;;;;;;;;;
590;540;;;;;;;;;;;;
580;538;;;;;;;;;;;;
579;536;;;;;;;;;;;;
591;563;;;;;;;;;;;;
594,8695652;539,173913;;;;;;;;;;;;
588;540;;;;;;;;;;;;
592;588;;;;;;;;;;;;
594;524;;;;;;;;;;;;
594;538;;;;;;;;;;;;
579;531;;;;;;;;;;;;
595;563;;;;;;;;;;;;
593;532;;;;;;;;;;;;
592;532;;;;;;;;;;;;
596;534;;;;;;;;;;;;
592;543;;;;;;;;;;;;
582;531;;;;;;;;;;;;
580;531;;;;;;;;;;;;
582;532;;;;;;;;;;;;
596;537;;;;;;;;;;;;
594;587;;;;;;;;;;;;
594;532;;;;;;;;;;;;
580;557;;;;;;;;;;;;
590;536;;;;;;;;;;;;
594;556;;;;;;;;;;;;
595;531;;;;;;;;;;;;
594;543;;;;;;;;;;;;
595;534;;;;;;;;;;;;
592;568;;;;;;;;;;;;
593;552;;;;;;;;;;;;
594;534;;;;;;;;;;;;
596;535;;;;;;;;;;;;
592;536;;;;;;;;;;;;
596;534;;;;;;;;;;;;
596;558;;;;;;;;;;;;
582;534;;;;;;;;;;;;
594;534;;;;;;;;;;;;
582;531;;;;;;;;;;;;
590;534;;;;;;;;;;;;
594;542;;;;;;;;;;;;
593;534;;;;;;;;;;;;
581;559;;;;;;;;;;;;
590,7222222;542,1388889;;;;;;;;;;;;
1144;540;;;;;;;;;;;;
593;544;;;;;;;;;;;;
582;527;;;;;;;;;;;;
584;554;;;;;;;;;;;;
592;537;;;;;;;;;;;;
594;561;;;;;;;;;;;;
596;544;;;;;;;;;;;;
597;544;;;;;;;;;;;;
595;561;;;;;;;;;;;;
591;536;;;;;;;;;;;;
595;534;;;;;;;;;;;;
593;561;;;;;;;;;;;;
594;549;;;;;;;;;;;;
581;527;;;;;;;;;;;;
593;551;;;;;;;;;;;;
593;544;;;;;;;;;;;;
592;556;;;;;;;;;;;;
582;558;;;;;;;;;;;;
591;537;;;;;;;;;;;;
594;575;;;;;;;;;;;;
593;544;;;;;;;;;;;;
594;539;;;;;;;;;;;;
594;542;;;;;;;;;;;;
596;534;;;;;;;;;;;;
595;557;;;;;;;;;;;;
594;540;;;;;;;;;;;;
594;550;;;;;;;;;;;;
612,4444444;546,1481481;;;;;;;;;;;;
587;537;;;;;;;;;;;;
592;536;;;;;;;;;;;;
592;538;;;;;;;;;;;;
595;545;;;;;;;;;;;;
579;538;;;;;;;;;;;;
618;537;;;;;;;;;;;;
583;536;;;;;;;;;;;;
592,2857143;538,1428571;;;;;;;;;;;;
584;539;;;;;;;;;;;;
593;533;;;;;;;;;;;;
594;534;;;;;;;;;;;;
596;531;;;;;;;;;;;;
581;540;;;;;;;;;;;;
595;532;;;;;;;;;;;;
583;550;;;;;;;;;;;;
633;556;;;;;;;;;;;;
589;539;;;;;;;;;;;;
590;533;;;;;;;;;;;;
590;535;;;;;;;;;;;;
596;543;;;;;;;;;;;;
589;537;;;;;;;;;;;;
594;539;;;;;;;;;;;;
594;536;;;;;;;;;;;;
595;546;;;;;;;;;;;;
597;535;;;;;;;;;;;;
593,7058824;538,7058824;;;;;;;;;;;;
593;524;;;;;;;;;;;;
582;527;;;;;;;;;;;;
596;557;;;;;;;;;;;;
597;533;;;;;;;;;;;;
592;564;;;;;;;;;;;;
593;532;;;;;;;;;;;;
706;548;;;;;;;;;;;;
593;533;;;;;;;;;;;;
590;560;;;;;;;;;;;;
592;538;;;;;;;;;;;;
593;532;;;;;;;;;;;;
596;527;;;;;;;;;;;;
593;535;;;;;;;;;;;;
584;534;;;;;;;;;;;;
644;542;;;;;;;;;;;;
596;533;;;;;;;;;;;;
595;533;;;;;;;;;;;;
593;527;;;;;;;;;;;;
595;535;;;;;;;;;;;;
595;536;;;;;;;;;;;;
592;538;;;;;;;;;;;;
594;538;;;;;;;;;;;;
594;532;;;;;;;;;;;;
602;528;;;;;;;;;;;;
593;534;;;;;;;;;;;;
581;530;;;;;;;;;;;;
593;528;;;;;;;;;;;;
595;535;;;;;;;;;;;;
593;532;;;;;;;;;;;;
591;529;;;;;;;;;;;;
581;559;;;;;;;;;;;;
596;533;;;;;;;;;;;;
594;527;;;;;;;;;;;;
595;534;;;;;;;;;;;;
595;531;;;;;;;;;;;;
581;533;;;;;;;;;;;;
583;542;;;;;;;;;;;;
594;531;;;;;;;;;;;;
593;535;;;;;;;;;;;;
597;527;;;;;;;;;;;;
593;547;;;;;;;;;;;;
592;531;;;;;;;;;;;;
594;552;;;;;;;;;;;;
594;532;;;;;;;;;;;;
593;541;;;;;;;;;;;;
593;532;;;;;;;;;;;;
596;533;;;;;;;;;;;;
593;532;;;;;;;;;;;;
592;533;;;;;;;;;;;;
598;531;;;;;;;;;;;;
594;535;;;;;;;;;;;;
591;548;;;;;;;;;;;;
581;546;;;;;;;;;;;;
598;536;;;;;;;;;;;;
595,5;536,2037037;;;;;;;;;;;;
592;554;;;;;;;;;;;;
593;535;;;;;;;;;;;;
595;535;;;;;;;;;;;;
580;544;;;;;;;;;;;;
585;534;;;;;;;;;;;;
591;537;;;;;;;;;;;;
582;561;;;;;;;;;;;;
595;563;;;;;;;;;;;;
582;538;;;;;;;;;;;;
592;536;;;;;;;;;;;;
598;558;;;;;;;;;;;;
596;534;;;;;;;;;;;;
592;554;;;;;;;;;;;;
595;559;;;;;;;;;;;;
594;548;;;;;;;;;;;;
582;538;;;;;;;;;;;;
595;553;;;;;;;;;;;;
629;540;;;;;;;;;;;;
596;551;;;;;;;;;;;;
596;546;;;;;;;;;;;;
593;557;;;;;;;;;;;;
593;537;;;;;;;;;;;;
594;539;;;;;;;;;;;;
581;543;;;;;;;;;;;;
577;539;;;;;;;;;;;;
592;557;;;;;;;;;;;;
590;533;;;;;;;;;;;;
594;553;;;;;;;;;;;;
595;537;;;;;;;;;;;;
594;536;;;;;;;;;;;;
593;559;;;;;;;;;;;;
594;559;;;;;;;;;;;;
594;542;;;;;;;;;;;;
596;558;;;;;;;;;;;;
593;536;;;;;;;;;;;;
593;551;;;;;;;;;;;;
594;539;;;;;;;;;;;;
592;559;;;;;;;;;;;;
592,4210526;546,1052632;;;;;;;;;;;;
583;533;;;;;;;;;;;;
582;537;;;;;;;;;;;;
593;535;;;;;;;;;;;;
594;526;;;;;;;;;;;;
592;536;;;;;;;;;;;;
578;556;;;;;;;;;;;;
590;535;;;;;;;;;;;;
598;525;;;;;;;;;;;;
588,75;535,375;;;;;;;;;;;;
3450;4153;;;;;;;;;;;;
234;224;;;;;;;;;;;;
238;183;;;;;;;;;;;;
186;223;;;;;;;;;;;;
217;209;;;;;;;;;;;;
191;207;;;;;;;;;;;;
173;206;;;;;;;;;;;;
217;191;;;;;;;;;;;;
157;174;;;;;;;;;;;;
170;194;;;;;;;;;;;;
211;183;;;;;;;;;;;;
191;165;;;;;;;;;;;;
173;201;;;;;;;;;;;;
219;185;;;;;;;;;;;;
203;157;;;;;;;;;;;;
188;211;;;;;;;;;;;;
284;176;;;;;;;;;;;;
203;174;;;;;;;;;;;;
169;191;;;;;;;;;;;;
170;188;;;;;;;;;;;;
273;171;;;;;;;;;;;;
590;532;;;;;;;;;;;;
190;174;;;;;;;;;;;;
157;170;;;;;;;;;;;;
171;159;;;;;;;;;;;;
187;157;;;;;;;;;;;;
171;166;;;;;;;;;;;;
597;541;;;;;;;;;;;;
172;187;;;;;;;;;;;;
172;172;;;;;;;;;;;;
157;172;;;;;;;;;;;;
175;163;;;;;;;;;;;;
169;179;;;;;;;;;;;;
598;541;;;;;;;;;;;;
189;198;;;;;;;;;;;;
174;169;;;;;;;;;;;;
173;172;;;;;;;;;;;;
193;183;;;;;;;;;;;;
208;167;;;;;;;;;;;;
578;543;;;;;;;;;;;;
174;180;;;;;;;;;;;;
171;177;;;;;;;;;;;;
255;183;;;;;;;;;;;;
188;168;;;;;;;;;;;;
190;163;;;;;;;;;;;;
594;550;;;;;;;;;;;;
174;179;;;;;;;;;;;;
171;165;;;;;;;;;;;;
174;162;;;;;;;;;;;;
157;170;;;;;;;;;;;;
172;163;;;;;;;;;;;;
599;533;;;;;;;;;;;;
171;215;;;;;;;;;;;;
191;179;;;;;;;;;;;;
190;175;;;;;;;;;;;;
173;169;;;;;;;;;;;;
171;162;;;;;;;;;;;;
595;537;;;;;;;;;;;;
173;223;;;;;;;;;;;;
156;159;;;;;;;;;;;;
174;172;;;;;;;;;;;;
190;165;;;;;;;;;;;;
193;163;;;;;;;;;;;;
597;529;;;;;;;;;;;;
176;198;;;;;;;;;;;;
155;209;;;;;;;;;;;;
173;202;;;;;;;;;;;;
171;165;;;;;;;;;;;;
174;169;;;;;;;;;;;;
593;551;;;;;;;;;;;;
174;219;;;;;;;;;;;;
154;192;;;;;;;;;;;;
174;192;;;;;;;;;;;;
172;186;;;;;;;;;;;;
156;176;;;;;;;;;;;;
594;554;;;;;;;;;;;;
172;279;;;;;;;;;;;;
173;273;;;;;;;;;;;;
156;162;;;;;;;;;;;;
173;162;;;;;;;;;;;;
175;179;;;;;;;;;;;;
592;577;;;;;;;;;;;;
189;180;;;;;;;;;;;;
174;167;;;;;;;;;;;;
191;229;;;;;;;;;;;;
169;189;;;;;;;;;;;;
174;164;;;;;;;;;;;;
595;536;;;;;;;;;;;;
171;200;;;;;;;;;;;;
157;159;;;;;;;;;;;;
156;166;;;;;;;;;;;;
232;261;;;;;;;;;;;;
191;165;;;;;;;;;;;;
188;174;;;;;;;;;;;;
190;164;;;;;;;;;;;;
207;253;;;;;;;;;;;;
217;157;;;;;;;;;;;;
189;167;;;;;;;;;;;;
205;168;;;;;;;;;;;;
216;216;;;;;;;;;;;;
173;148;;;;;;;;;;;;
739;172;;;;;;;;;;;;
195;164;;;;;;;;;;;;
169;196;;;;;;;;;;;;
176;167;;;;;;;;;;;;
171;179;;;;;;;;;;;;
189;194;;;;;;;;;;;;
171;202;;;;;;;;;;;;
215;159;;;;;;;;;;;;
219;171;;;;;;;;;;;;
176;175;;;;;;;;;;;;
170;263;;;;;;;;;;;;
171;147;;;;;;;;;;;;
168;178;;;;;;;;;;;;
172;177;;;;;;;;;;;;
213;225;;;;;;;;;;;;
160;153;;;;;;;;;;;;
154;156;;;;;;;;;;;;
162;170;;;;;;;;;;;;
191;222;;;;;;;;;;;;
174;161;;;;;;;;;;;;
192;156;;;;;;;;;;;;
154;162;;;;;;;;;;;;
209;304;;;;;;;;;;;;
159;159;;;;;;;;;;;;
169;177;;;;;;;;;;;;
159;182;;;;;;;;;;;;
172;219;;;;;;;;;;;;
157;152;;;;;;;;;;;;
191;171;;;;;;;;;;;;
207;157;;;;;;;;;;;;
170;209;;;;;;;;;;;;
187;172;;;;;;;;;;;;
191;198;;;;;;;;;;;;
156;176;;;;;;;;;;;;
169;253;;;;;;;;;;;;
176;152;;;;;;;;;;;;
208;172;;;;;;;;;;;;
178;155;;;;;;;;;;;;
177;275;;;;;;;;;;;;
170;152;;;;;;;;;;;;
264;294;;;;;;;;;;;;
168;206;;;;;;;;;;;;
189;217;;;;;;;;;;;;
192;182;;;;;;;;;;;;
177;169;;;;;;;;;;;;
157;164;;;;;;;;;;;;
172;172;;;;;;;;;;;;
231;166;;;;;;;;;;;;
170;194;;;;;;;;;;;;
188;201;;;;;;;;;;;;
157;199;;;;;;;;;;;;
157;192;;;;;;;;;;;;
175;184;;;;;;;;;;;;
176;165;;;;;;;;;;;;
156;194;;;;;;;;;;;;
173;167;;;;;;;;;;;;
187;155;;;;;;;;;;;;
167;221;;;;;;;;;;;;
173;163;;;;;;;;;;;;
174;164;;;;;;;;;;;;
156;209;;;;;;;;;;;;
170;171;;;;;;;;;;;;
172;167;;;;;;;;;;;;
223;170;;;;;;;;;;;;
157;199;;;;;;;;;;;;
158;212;;;;;;;;;;;;
191;175;;;;;;;;;;;;
173;183;;;;;;;;;;;;
171;217;;;;;;;;;;;;
177;166;;;;;;;;;;;;
181;157;;;;;;;;;;;;
199;247;;;;;;;;;;;;
171;195;;;;;;;;;;;;
191;268;;;;;;;;;;;;
163;196;;;;;;;;;;;;
187;266;;;;;;;;;;;;
259;273;;;;;;;;;;;;
204;214;;;;;;;;;;;;
189;161;;;;;;;;;;;;
174;199;;;;;;;;;;;;
173;155;;;;;;;;;;;;
172;161;;;;;;;;;;;;
178;178;;;;;;;;;;;;
173;157;;;;;;;;;;;;
172;156;;;;;;;;;;;;
158;176;;;;;;;;;;;;
172;162;;;;;;;;;;;;
170;171;;;;;;;;;;;;
158;179;;;;;;;;;;;;
158;160;;;;;;;;;;;;
157;168;;;;;;;;;;;;
154;180;;;;;;;;;;;;
157;164;;;;;;;;;;;;
170;211;;;;;;;;;;;;
156;174;;;;;;;;;;;;
157;170;;;;;;;;;;;;
204;161;;;;;;;;;;;;
174;222;;;;;;;;;;;;
175;166;;;;;;;;;;;;
161;152;;;;;;;;;;;;
171;176;;;;;;;;;;;;
170;165;;;;;;;;;;;;
160;168;;;;;;;;;;;;
159;182;;;;;;;;;;;;
182;218;;;;;;;;;;;;
244;175;;;;;;;;;;;;
194;203;;;;;;;;;;;;
263;273;;;;;;;;;;;;
247;162;;;;;;;;;;;;
174;167;;;;;;;;;;;;
170;163;;;;;;;;;;;;
189;161;;;;;;;;;;;;
173;154;;;;;;;;;;;;
169;189;;;;;;;;;;;;
190;170;;;;;;;;;;;;
173;156;;;;;;;;;;;;
212;161;;;;;;;;;;;;
180;174;;;;;;;;;;;;
172;188;;;;;;;;;;;;
172;198;;;;;;;;;;;;
171;170;;;;;;;;;;;;
172;174;;;;;;;;;;;;
173;173;;;;;;;;;;;;
229;267;;;;;;;;;;;;
207;226;;;;;;;;;;;;
189;163;;;;;;;;;;;;
591;540;;;;;;;;;;;;
235;175;;;;;;;;;;;;
157;164;;;;;;;;;;;;
591;537;;;;;;;;;;;;
204;181;;;;;;;;;;;;
156;161;;;;;;;;;;;;
592;538;;;;;;;;;;;;
200;185;;;;;;;;;;;;
158;164;;;;;;;;;;;;
170;182;;;;;;;;;;;;
174;154;;;;;;;;;;;;
174;188;;;;;;;;;;;;
173;159;;;;;;;;;;;;
170;182;;;;;;;;;;;;
172;177;;;;;;;;;;;;
170;223;;;;;;;;;;;;
174;177;;;;;;;;;;;;
190;223;;;;;;;;;;;;
157;188;;;;;;;;;;;;
173;174;;;;;;;;;;;;
172;160;;;;;;;;;;;;
176;160;;;;;;;;;;;;
159;155;;;;;;;;;;;;
229;255;;;;;;;;;;;;
187;210;;;;;;;;;;;;
170;159;;;;;;;;;;;;
177;170;;;;;;;;;;;;
159;190;;;;;;;;;;;;
190;172;;;;;;;;;;;;
175;224;;;;;;;;;;;;
174;154;;;;;;;;;;;;
203;155;;;;;;;;;;;;
172;165;;;;;;;;;;;;
171;158;;;;;;;;;;;;
171;158;;;;;;;;;;;;
174;262;;;;;;;;;;;;
161;178;;;;;;;;;;;;
201;169;;;;;;;;;;;;
187;158;;;;;;;;;;;;
175;150;;;;;;;;;;;;
157;193;;;;;;;;;;;;
177;171;;;;;;;;;;;;
168;168;;;;;;;;;;;;
176;162;;;;;;;;;;;;
174;156;;;;;;;;;;;;
176;195;;;;;;;;;;;;
174;152;;;;;;;;;;;;
170;171;;;;;;;;;;;;
189;157;;;;;;;;;;;;
174;196;;;;;;;;;;;;
175;194;;;;;;;;;;;;
186;158;;;;;;;;;;;;
174;156;;;;;;;;;;;;
172;156;;;;;;;;;;;;
216;257;;;;;;;;;;;;
185;164;;;;;;;;;;;;
191;175;;;;;;;;;;;;
194;204;;;;;;;;;;;;
158;171;;;;;;;;;;;;
169;174;;;;;;;;;;;;
207;154;;;;;;;;;;;;
206;167;;;;;;;;;;;;
171;186;;;;;;;;;;;;
156;159;;;;;;;;;;;;
201;166;;;;;;;;;;;;
205;164;;;;;;;;;;;;
225;185;;;;;;;;;;;;
173;191;;;;;;;;;;;;
158;169;;;;;;;;;;;;
170;161;;;;;;;;;;;;
203;167;;;;;;;;;;;;
193;166;;;;;;;;;;;;
173;174;;;;;;;;;;;;
173;167;;;;;;;;;;;;
172;163;;;;;;;;;;;;
205;161;;;;;;;;;;;;
160;161;;;;;;;;;;;;
192;165;;;;;;;;;;;;
174;177;;;;;;;;;;;;
201;170;;;;;;;;;;;;
173;161;;;;;;;;;;;;
208;212;;;;;;;;;;;;
189;162;;;;;;;;;;;;
183;185;;;;;;;;;;;;
157;156;;;;;;;;;;;;
176;151;;;;;;;;;;;;
190;160;;;;;;;;;;;;
186;165;;;;;;;;;;;;
171;152;;;;;;;;;;;;
175;169;;;;;;;;;;;;
174;171;;;;;;;;;;;;
237;297;;;;;;;;;;;;
187;178;;;;;;;;;;;;
217;157;;;;;;;;;;;;
171;179;;;;;;;;;;;;
193;210;;;;;;;;;;;;
172;150;;;;;;;;;;;;
171;158;;;;;;;;;;;;
174;212;;;;;;;;;;;;
256;260;;;;;;;;;;;;
172;169;;;;;;;;;;;;
220;160;;;;;;;;;;;;
597;540;;;;;;;;;;;;
191;195;;;;;;;;;;;;
209;162;;;;;;;;;;;;
202;165;;;;;;;;;;;;
591;537;;;;;;;;;;;;
172;157;;;;;;;;;;;;
172;159;;;;;;;;;;;;
192;154;;;;;;;;;;;;
579;536;;;;;;;;;;;;
172;278;;;;;;;;;;;;
176;174;;;;;;;;;;;;
173;156;;;;;;;;;;;;
170;178;;;;;;;;;;;;
173;167;;;;;;;;;;;;
172;189;;;;;;;;;;;;
171;176;;;;;;;;;;;;
157;170;;;;;;;;;;;;
185;152;;;;;;;;;;;;
159;274;;;;;;;;;;;;
188;172;;;;;;;;;;;;
171;160;;;;;;;;;;;;
185;186;;;;;;;;;;;;
172;162;;;;;;;;;;;;
172;159;;;;;;;;;;;;
201;217;;;;;;;;;;;;
246;260;;;;;;;;;;;;
220;205;;;;;;;;;;;;
171;154;;;;;;;;;;;;
177;180;;;;;;;;;;;;
174;150;;;;;;;;;;;;
235;150;;;;;;;;;;;;
247;179;;;;;;;;;;;;
203;165;;;;;;;;;;;;
249;172;;;;;;;;;;;;
175;171;;;;;;;;;;;;
232;288;;;;;;;;;;;;
205;160;;;;;;;;;;;;
170;159;;;;;;;;;;;;
173;165;;;;;;;;;;;;
188;151;;;;;;;;;;;;
204;186;;;;;;;;;;;;
174;203;;;;;;;;;;;;
175;152;;;;;;;;;;;;
154;151;;;;;;;;;;;;
156;168;;;;;;;;;;;;
170;161;;;;;;;;;;;;
170;149;;;;;;;;;;;;
173;193;;;;;;;;;;;;
160;177;;;;;;;;;;;;
174;159;;;;;;;;;;;;
188;166;;;;;;;;;;;;
159;216;;;;;;;;;;;;
207;222;;;;;;;;;;;;
159;169;;;;;;;;;;;;
169;170;;;;;;;;;;;;
180;155;;;;;;;;;;;;
188;150;;;;;;;;;;;;
173;249;;;;;;;;;;;;
173;155;;;;;;;;;;;;
169;171;;;;;;;;;;;;
218;254;;;;;;;;;;;;
191;168;;;;;;;;;;;;
204;159;;;;;;;;;;;;
187;155;;;;;;;;;;;;
175;159;;;;;;;;;;;;
204;239;;;;;;;;;;;;
154;156;;;;;;;;;;;;
173;160;;;;;;;;;;;;
175;164;;;;;;;;;;;;
177;169;;;;;;;;;;;;
171;177;;;;;;;;;;;;
174;183;;;;;;;;;;;;
189;183;;;;;;;;;;;;
190;155;;;;;;;;;;;;
172;171;;;;;;;;;;;;
209;164;;;;;;;;;;;;
174;159;;;;;;;;;;;;
175;160;;;;;;;;;;;;
177;166;;;;;;;;;;;;
176;162;;;;;;;;;;;;
170;211;;;;;;;;;;;;
171;152;;;;;;;;;;;;
187;158;;;;;;;;;;;;
189;263;;;;;;;;;;;;
203;168;;;;;;;;;;;;
170;168;;;;;;;;;;;;
188;195;;;;;;;;;;;;
173;161;;;;;;;;;;;;
174;164;;;;;;;;;;;;
172;165;;;;;;;;;;;;
187;153;;;;;;;;;;;;
169;156;;;;;;;;;;;;
177;171;;;;;;;;;;;;
188;153;;;;;;;;;;;;
161;160;;;;;;;;;;;;
202;181;;;;;;;;;;;;
178;160;;;;;;;;;;;;
169;189;;;;;;;;;;;;
173;179;;;;;;;;;;;;
205;164;;;;;;;;;;;;
188;152;;;;;;;;;;;;
173;156;;;;;;;;;;;;
203;151;;;;;;;;;;;;
189;167;;;;;;;;;;;;
172;190;;;;;;;;;;;;
207;158;;;;;;;;;;;;
191;155;;;;;;;;;;;;
171;173;;;;;;;;;;;;
188;160;;;;;;;;;;;;
186;217;;;;;;;;;;;;
236;217;;;;;;;;;;;;
172;170;;;;;;;;;;;;
176;184;;;;;;;;;;;;
204;149;;;;;;;;;;;;
175;165;;;;;;;;;;;;
175;155;;;;;;;;;;;;
231;283;;;;;;;;;;;;
203;156;;;;;;;;;;;;
170;152;;;;;;;;;;;;
202;190;;;;;;;;;;;;
178;149;;;;;;;;;;;;
173;226;;;;;;;;;;;;
177;171;;;;;;;;;;;;
175;168;;;;;;;;;;;;
171;147;;;;;;;;;;;;
221;265;;;;;;;;;;;;
216;163;;;;;;;;;;;;
173;149;;;;;;;;;;;;
592;540;;;;;;;;;;;;
175;148;;;;;;;;;;;;
177;151;;;;;;;;;;;;
592;538;;;;;;;;;;;;
174;182;;;;;;;;;;;;
175;222;;;;;;;;;;;;
616;536;;;;;;;;;;;;
204;160;;;;;;;;;;;;
191;174;;;;;;;;;;;;
592;584;;;;;;;;;;;;
209;163;;;;;;;;;;;;
172;153;;;;;;;;;;;;
598;547;;;;;;;;;;;;
175;172;;;;;;;;;;;;
157;165;;;;;;;;;;;;
594;570;;;;;;;;;;;;
186;165;;;;;;;;;;;;
174;163;;;;;;;;;;;;
592;556;;;;;;;;;;;;
189;164;;;;;;;;;;;;
170;157;;;;;;;;;;;;
628;560;;;;;;;;;;;;
186;180;;;;;;;;;;;;
159;193;;;;;;;;;;;;
188;179;;;;;;;;;;;;
171;157;;;;;;;;;;;;
188;202;;;;;;;;;;;;
170;180;;;;;;;;;;;;
171;181;;;;;;;;;;;;
157;150;;;;;;;;;;;;
174;200;;;;;;;;;;;;
171;174;;;;;;;;;;;;
157;183;;;;;;;;;;;;
181;152;;;;;;;;;;;;
174;177;;;;;;;;;;;;
174;185;;;;;;;;;;;;
265;257;;;;;;;;;;;;
590;548;;;;;;;;;;;;
204;175;;;;;;;;;;;;
592;552;;;;;;;;;;;;
172;161;;;;;;;;;;;;
583;541;;;;;;;;;;;;
189;150;;;;;;;;;;;;
171;198;;;;;;;;;;;;
187;149;;;;;;;;;;;;
206;188;;;;;;;;;;;;
160;171;;;;;;;;;;;;
250;205;;;;;;;;;;;;
174;179;;;;;;;;;;;;
221;249;;;;;;;;;;;;
600;552;;;;;;;;;;;;
231;266;;;;;;;;;;;;
215;207;;;;;;;;;;;;
175;169;;;;;;;;;;;;
157;172;;;;;;;;;;;;
175;183;;;;;;;;;;;;
173;178;;;;;;;;;;;;
176;184;;;;;;;;;;;;
177;162;;;;;;;;;;;;
189;171;;;;;;;;;;;;
187;159;;;;;;;;;;;;
220;244;;;;;;;;;;;;
206;162;;;;;;;;;;;;
172;149;;;;;;;;;;;;
175;243;;;;;;;;;;;;
592;540;;;;;;;;;;;;
580;537;;;;;;;;;;;;
594;555;;;;;;;;;;;;
172;198;;;;;;;;;;;;
188;161;;;;;;;;;;;;
170;168;;;;;;;;;;;;
175;157;;;;;;;;;;;;
594;542;;;;;;;;;;;;
591;537;;;;;;;;;;;;
584;566;;;;;;;;;;;;
171;218;;;;;;;;;;;;
186;167;;;;;;;;;;;;
170;166;;;;;;;;;;;;
172;215;;;;;;;;;;;;
593;543;;;;;;;;;;;;
587;538;;;;;;;;;;;;
594;554;;;;;;;;;;;;
172;187;;;;;;;;;;;;
252;161;;;;;;;;;;;;
174;158;;;;;;;;;;;;
174;187;;;;;;;;;;;;
590;599;;;;;;;;;;;;
593;536;;;;;;;;;;;;
595;558;;;;;;;;;;;;
162;196;;;;;;;;;;;;
172;161;;;;;;;;;;;;
174;157;;;;;;;;;;;;
172;194;;;;;;;;;;;;
157;180;;;;;;;;;;;;
187;169;;;;;;;;;;;;
185;210;;;;;;;;;;;;
173;183;;;;;;;;;;;;
175;154;;;;;;;;;;;;
173;218;;;;;;;;;;;;
220,4802158;215,4730216;;;;;;;;;;;;
;356,8517766;;;;;;;;;;;;
382,0609137;;;;;;;;;;;;;
